{"client_meta":{"background_color":{"r":0.9607843160629272,"g":0.9607843160629272,"b":0.9607843160629272,"a":1},"thumbnail_size":{"width":400,"height":245},"render_coordinates":{"x":-218,"y":-621,"width":4984,"height":3053}},"file_name":"Run Everywhere","developer_related_links":[],"exported_at":"2026-06-17T22:10:45.155Z"}